<?xml version="1.0" encoding="UTF-8" ?>
<!DOCTYPE log4j:configuration SYSTEM "log4j.dtd">

<log4j:configuration xmlns:log4j="http://jakarta.apache.org/log4j/">
        
  <appender name="ConsoleAppender" class="org.apache.log4j.ConsoleAppender">
    <layout class="org.apache.log4j.PatternLayout">
    	<param name="ConversionPattern" value="%-4r [%p] %-c %d{ISO8601}  %m%n"/>
    </layout>
  </appender>
  
   
  <appender name="FileAppender" class="org.apache.log4j.FileAppender">
  	<param name="File" value="testSimpleLayoutAndConsoleAppender.html"/>
  	 <layout class="org.apache.log4j.HTMLLayout"/>
    
  </appender>
  
 
 
  <root>
  		<priority value="INFO"/>
   <!-- 	
     	<priority value="OFF"/>
     	<priority value ="DEBUG" />
    	<priority value ="FATAL" />
    	<priority value ="INFO" />
    	<priority value ="ALL" />
    -->
    <!--Muestra en la consola  -->
    <appender-ref ref="ConsoleAppender"/>
    <!--Pone en el archivo  -->
    <!-- 
    <appender-ref ref="FileAppender"/>
      -->
  </root>

</log4j:configuration> 
    