<?xml version="1.0" encoding="UTF-8" standalone="no"?>
<!-- Generated 12-mar-2018 23:23:44 by Hibernate Tools 5.2.3.Final --><!DOCTYPE hibernate-mapping PUBLIC "-//Hibernate/Hibernate Mapping DTD 3.0//EN" "http://www.hibernate.org/dtd/hibernate-mapping-3.0.dtd">
<hibernate-mapping auto-import="true" default-access="property" default-cascade="none" default-lazy="true">
    <class dynamic-insert="false" dynamic-update="false" mutable="true" name="co.edu.usbcali.modelo.Usuario" optimistic-lock="version" polymorphism="implicit" schema="public" select-before-update="false" table="usuario">
        <id name="id" type="long">
            <column name="id" precision="10" scale="0"/>
            <generator class="assigned"/>
        </id>
        <property generated="never" lazy="false" name="primerNombre" optimistic-lock="true" type="string" unique="false">
            <column length="200" name="primer_nombre">
                <comment>primer nombre</comment>
            </column>
        </property>
        <property generated="never" lazy="false" name="segundoNombre" optimistic-lock="true" type="string" unique="false">
            <column length="200" name="segundo_nombre">
                <comment>segundo nombre</comment>
            </column>
        </property>
        <property generated="never" lazy="false" name="primerApellido" optimistic-lock="true" type="string" unique="false">
            <column length="200" name="primer_apellido">
                <comment>primer apellido</comment>
            </column>
        </property>
        <property generated="never" lazy="false" name="segundoApellido" optimistic-lock="true" type="string" unique="false">
            <column length="200" name="segundo_apellido">
                <comment>segundo apellido</comment>
            </column>
        </property>
        <property generated="never" lazy="false" name="numIdentificacion" optimistic-lock="true" type="java.lang.Long" unique="false">
            <column name="num_identificacion" precision="17" scale="0">
                <comment>numero de identificacion</comment>
            </column>
        </property>
        <property generated="never" lazy="false" name="tipoIdentificacion" optimistic-lock="true" type="java.lang.Integer" unique="false">
            <column name="tipo_identificacion">
                <comment>tipo de identificacion
1 = tarjeta de identidad
2 = registro civil
3 = cedula de ciudania</comment>
            </column>
        </property>
        <property generated="never" lazy="false" name="rol" optimistic-lock="true" type="java.lang.Integer" unique="false">
            <column name="rol">
                <comment>rol que tiene el usuario en el sistema
1-&gt; administrador
2-&gt; cliente</comment>
            </column>
        </property>
        <property generated="never" lazy="false" name="usuarioCreacion" optimistic-lock="true" type="string" unique="false">
            <column length="100" name="usuario_creacion">
                <comment>usuario que crea el registro</comment>
            </column>
        </property>
        <property generated="never" lazy="false" name="fechaCreacion" optimistic-lock="true" type="date" unique="false">
            <column length="13" name="fecha_creacion">
                <comment>fecha en que se crea el registro</comment>
            </column>
        </property>
        <property generated="never" lazy="false" name="usuarioModifica" optimistic-lock="true" type="string" unique="false">
            <column length="100" name="usuario_modifica">
                <comment>usuario que modifica el registro</comment>
            </column>
        </property>
        <property generated="never" lazy="false" name="fechaModifica" optimistic-lock="true" type="date" unique="false">
            <column length="13" name="fecha_modifica">
                <comment>fecha en que se modifica el registro</comment>
            </column>
        </property>
        <set embed-xml="true" fetch="select" inverse="true" lazy="true" mutable="true" name="hijos" optimistic-lock="true" sort="unsorted" table="hijo">
            <key on-delete="noaction">
                <column name="id_usuario" not-null="true" precision="10" scale="0">
                    <comment>identificador de usuario</comment>
                </column>
            </key>
            <one-to-many class="co.edu.usbcali.modelo.Hijo" embed-xml="true" not-found="exception"/>
        </set>
        <set embed-xml="true" fetch="select" inverse="true" lazy="true" mutable="true" name="padres" optimistic-lock="true" sort="unsorted" table="padre">
            <key on-delete="noaction">
                <column name="id_usuario" not-null="true" precision="10" scale="0">
                    <comment>identificador de usuario</comment>
                </column>
            </key>
            <one-to-many class="co.edu.usbcali.modelo.Padre" embed-xml="true" not-found="exception"/>
        </set>
    </class>
</hibernate-mapping>
