<?xml version="1.0" encoding="UTF-8" standalone="no"?>
<!-- Generated 03-jun-2018 13:45:36 by Hibernate Tools 5.2.3.Final --><!DOCTYPE hibernate-mapping PUBLIC "-//Hibernate/Hibernate Mapping DTD 3.0//EN" "http://www.hibernate.org/dtd/hibernate-mapping-3.0.dtd">
<hibernate-mapping auto-import="true" default-access="property" default-cascade="none" default-lazy="true">
    <class dynamic-insert="false" dynamic-update="false" mutable="true" name="co.edu.usbcali.modelo.Pedido" optimistic-lock="version" polymorphism="implicit" schema="public" select-before-update="false" table="pedido">
        <id name="id" type="big_decimal">
            <column name="id" precision="1000" scale="0"/>
            <generator class="assigned"/>
        </id>
        <many-to-one class="co.edu.usbcali.modelo.Padre" embed-xml="true" fetch="select" insert="true" name="padre" not-found="exception" optimistic-lock="true" unique="false" update="true">
            <column name="id_padre" not-null="true" precision="10" scale="0">
                <comment>identificador del padre</comment>
            </column>
        </many-to-one>
        <property generated="never" lazy="false" name="fechaPedido" optimistic-lock="true" type="date" unique="false">
            <column length="13" name="fecha_pedido">
                <comment>fecha en que se hace el pedido</comment>
            </column>
        </property>
        <property generated="never" lazy="false" name="fechaEntrega" optimistic-lock="true" type="date" unique="false">
            <column length="13" name="fecha_entrega">
                <comment>fecha en que se entrega el pedido</comment>
            </column>
        </property>
        <property generated="never" lazy="false" name="estado" optimistic-lock="true" type="java.lang.Integer" unique="false">
            <column name="estado">
                <comment>estado en que se encuentra el pedido
1 = pendiente de pago
2 = pagado</comment>
            </column>
        </property>
        <property generated="never" lazy="false" name="cantAlmuerzos" optimistic-lock="true" type="java.lang.Integer" unique="false">
            <column name="cant_almuerzos">
                <comment>cantidad de almuerzos pedidos</comment>
            </column>
        </property>
        <property generated="never" lazy="false" name="usuarioCreacion" optimistic-lock="true" type="string" unique="false">
            <column length="100" name="usuario_creacion">
                <comment>usuario que crea el registro</comment>
            </column>
        </property>
        <property generated="never" lazy="false" name="fechaCreacion" optimistic-lock="true" type="date" unique="false">
            <column length="13" name="fecha_creacion">
                <comment>fecha en que se crea el registro</comment>
            </column>
        </property>
        <property generated="never" lazy="false" name="usuarioModifica" optimistic-lock="true" type="string" unique="false">
            <column length="100" name="usuario_modifica">
                <comment>usuario que modifica el registro</comment>
            </column>
        </property>
        <property generated="never" lazy="false" name="fechaModifica" optimistic-lock="true" type="date" unique="false">
            <column length="13" name="fecha_modifica">
                <comment>fecha en que se modifica el registro</comment>
            </column>
        </property>
        <set embed-xml="true" fetch="select" inverse="true" lazy="true" mutable="true" name="almuerzos" optimistic-lock="true" sort="unsorted" table="almuerzo">
            <key on-delete="noaction">
                <column name="id_pedido" not-null="true" precision="1000" scale="0"/>
            </key>
            <one-to-many class="co.edu.usbcali.modelo.Almuerzo" embed-xml="true" not-found="exception"/>
        </set>
    </class>
</hibernate-mapping>
