<?xml version="1.0" encoding="UTF-8" standalone="no"?>
<!-- Generated 03-jun-2018 13:45:36 by Hibernate Tools 5.2.3.Final --><!DOCTYPE hibernate-mapping PUBLIC "-//Hibernate/Hibernate Mapping DTD 3.0//EN" "http://www.hibernate.org/dtd/hibernate-mapping-3.0.dtd">
<hibernate-mapping auto-import="true" default-access="property" default-cascade="none" default-lazy="true">
    <class dynamic-insert="false" dynamic-update="false" mutable="true" name="co.edu.usbcali.modelo.Principio" optimistic-lock="version" polymorphism="implicit" schema="public" select-before-update="false" table="principio">
        <id name="id" type="big_decimal">
            <column name="id" scale="0"/>
            <generator class="assigned"/>
        </id>
        <property generated="never" lazy="false" name="nombre" optimistic-lock="true" type="string" unique="false">
            <column length="200" name="nombre">
                <comment>nombre del principio</comment>
            </column>
        </property>
        <property generated="never" lazy="false" name="descripcion" optimistic-lock="true" type="string" unique="false">
            <column length="400" name="descripcion">
                <comment>descripcion del principio</comment>
            </column>
        </property>
        <property generated="never" lazy="false" name="estado" optimistic-lock="true" type="string" unique="false">
            <column length="2" name="estado">
                <comment>estado en que se encuentra el ingrediente A-&gt; activo | I-&gt; inactivo</comment>
            </column>
        </property>
        <property generated="never" lazy="false" name="usuarioCreacion" optimistic-lock="true" type="string" unique="false">
            <column length="100" name="usuario_creacion">
                <comment>usuario que crea el registro</comment>
            </column>
        </property>
        <property generated="never" lazy="false" name="usuarioModifica" optimistic-lock="true" type="string" unique="false">
            <column length="100" name="usuario_modifica">
                <comment>usuario que modifica el registro</comment>
            </column>
        </property>
        <property generated="never" lazy="false" name="fechaCreacion" optimistic-lock="true" type="date" unique="false">
            <column length="13" name="fecha_creacion">
                <comment>fecha en que se crea el registro</comment>
            </column>
        </property>
        <property generated="never" lazy="false" name="fechaModifica" optimistic-lock="true" type="date" unique="false">
            <column length="13" name="fecha_modifica">
                <comment>fecha en que se modifica el registro</comment>
            </column>
        </property>
        <set embed-xml="true" fetch="select" inverse="true" lazy="true" mutable="true" name="almuerzos" optimistic-lock="true" sort="unsorted" table="almuerzo">
            <key on-delete="noaction">
                <column name="id_principio" scale="0">
                    <comment>identificador de principio</comment>
                </column>
            </key>
            <one-to-many class="co.edu.usbcali.modelo.Almuerzo" embed-xml="true" not-found="exception"/>
        </set>
    </class>
</hibernate-mapping>
