<?xml version="1.0"?>
<!DOCTYPE hibernate-mapping PUBLIC "-//Hibernate/Hibernate Mapping DTD 3.0//EN"
"http://hibernate.sourceforge.net/hibernate-mapping-3.0.dtd">
<!-- Generated 16/08/2015 08:11:11 AM by Hibernate Tools 4.0.0 -->
<hibernate-mapping>
	<sql-query name="BEBIDA_SEQ">
		<return-scalar column="nextval" type="java.lang.Long" />
	  <![CDATA[
	    SELECT nextval('seq_bebida');
	  ]]>
	</sql-query>
	<sql-query name="PRINCIPIO_SEQ">
		<return-scalar column="nextval" type="java.lang.Long" />
	  <![CDATA[
	    SELECT nextval('seq_principio');
	  ]]>
	</sql-query>
	<sql-query name="PROTEINA_SEQ">
		<return-scalar column="nextval" type="java.lang.Long" />
	  <![CDATA[
	    SELECT nextval('seq_proteina');
	  ]]>
	</sql-query>
	<sql-query name="SOPA_SEQ">
		<return-scalar column="nextval" type="java.lang.Long" />
	  <![CDATA[
	    SELECT nextval('seq_sopa');
	  ]]>
	  </sql-query>
	  <sql-query name="PADRE_SEQ">
		<return-scalar column="nextval" type="java.lang.Long" />
	  <![CDATA[
	    SELECT nextval('seq_padre');
	  ]]>
	  </sql-query>
	  <sql-query name="USUARIO_SEQ">
		<return-scalar column="nextval" type="java.lang.Long" />
	  <![CDATA[
	    SELECT nextval('seq_usuario');
	  ]]>
	  </sql-query>
	  <sql-query name="HIJO_SEQ">
		<return-scalar column="nextval" type="java.lang.Long" />
	  <![CDATA[
	    SELECT nextval('seq_hijo');
	  ]]>
	  </sql-query>
	  <sql-query name="PEDIDO_SEQ">
		<return-scalar column="nextval" type="java.lang.Long" />
	  <![CDATA[
	    SELECT nextval('seq_pedido');
	  ]]>
	  </sql-query>
	  <sql-query name="ALMUERZO_SEQ">
		<return-scalar column="nextval" type="java.lang.Long" />
	  <![CDATA[
	    SELECT nextval('seq_almuerzo');
	  ]]>
	  </sql-query>
	  
	  
	  	
</hibernate-mapping>
