<?xml version="1.0" encoding="UTF-8" standalone="no"?>
<!-- Generated 12-mar-2018 23:23:44 by Hibernate Tools 5.2.3.Final --><!DOCTYPE hibernate-mapping PUBLIC "-//Hibernate/Hibernate Mapping DTD 3.0//EN" "http://www.hibernate.org/dtd/hibernate-mapping-3.0.dtd">
<hibernate-mapping auto-import="true" default-access="property" default-cascade="none" default-lazy="true">
    <class dynamic-insert="false" dynamic-update="false" mutable="true" name="co.edu.usbcali.modelo.Almuerzo" optimistic-lock="version" polymorphism="implicit" schema="public" select-before-update="false" table="almuerzo">
        <id name="id" type="big_decimal">
            <column name="id" precision="1000" scale="0"/>
            <generator class="assigned"/>
        </id>
        <many-to-one class="co.edu.usbcali.modelo.Hijo" embed-xml="true" fetch="select" insert="true" name="hijo" not-found="exception" optimistic-lock="true" unique="false" update="true">
            <column name="id_hijo" not-null="true" precision="10" scale="0">
                <comment>identificador del hijo</comment>
            </column>
        </many-to-one>
        <many-to-one class="co.edu.usbcali.modelo.MenuSemana" embed-xml="true" fetch="select" insert="true" name="menuSemana" not-found="exception" optimistic-lock="true" unique="false" update="true">
            <column name="id_menusemana" not-null="true" precision="10" scale="0">
                <comment>identificador unico del menu de la semana</comment>
            </column>
        </many-to-one>
        <many-to-one class="co.edu.usbcali.modelo.Pedido" embed-xml="true" fetch="select" insert="true" name="pedido" not-found="exception" optimistic-lock="true" unique="false" update="true">
            <column name="id_pedido" not-null="true" precision="1000" scale="0">
                <comment>identificador del pedido</comment>
            </column>
        </many-to-one>
        <property generated="never" lazy="false" name="estado" optimistic-lock="true" type="java.lang.Integer" unique="false">
            <column name="estado">
                <comment>estado si el almuerzo fue consumido o no por el niño

1 -&gt; pendiente
2 -&gt; consumido</comment>
            </column>
        </property>
        <property generated="never" lazy="false" name="usuarioCreacion" optimistic-lock="true" type="string" unique="false">
            <column length="100" name="usuario_creacion">
                <comment>usuario que crea el registro</comment>
            </column>
        </property>
        <property generated="never" lazy="false" name="fechaCreacion" optimistic-lock="true" type="date" unique="false">
            <column length="13" name="fecha_creacion">
                <comment>fecha en que se crea el registro</comment>
            </column>
        </property>
        <property generated="never" lazy="false" name="usuarioModifica" optimistic-lock="true" type="string" unique="false">
            <column length="100" name="usuario_modifica">
                <comment>usuario que modifica el registro</comment>
            </column>
        </property>
        <property generated="never" lazy="false" name="fechaModifica" optimistic-lock="true" type="date" unique="false">
            <column length="13" name="fecha_modifica">
                <comment>fecha en que se modifica el registro</comment>
            </column>
        </property>
    </class>
</hibernate-mapping>
