<?xml version="1.0" encoding="UTF-8" standalone="no"?>
<!-- Generated 12-mar-2018 23:23:44 by Hibernate Tools 5.2.3.Final --><!DOCTYPE hibernate-mapping PUBLIC "-//Hibernate/Hibernate Mapping DTD 3.0//EN" "http://www.hibernate.org/dtd/hibernate-mapping-3.0.dtd">
<hibernate-mapping auto-import="true" default-access="property" default-cascade="none" default-lazy="true">
    <class dynamic-insert="false" dynamic-update="false" mutable="true" name="co.edu.usbcali.modelo.MenuSemana" optimistic-lock="version" polymorphism="implicit" schema="public" select-before-update="false" table="menu_semana">
        <id name="id" type="long">
            <column name="id" precision="10" scale="0"/>
            <generator class="assigned"/>
        </id>
        <many-to-one class="co.edu.usbcali.modelo.Bebida" embed-xml="true" fetch="select" insert="true" name="sopa" not-found="exception" optimistic-lock="true" unique="false" update="true">
            <column name="id_sopa" not-null="true" scale="0">
                <comment>identificador de sopa</comment>
            </column>
        </many-to-one>
        <many-to-one class="co.edu.usbcali.modelo.Principio" embed-xml="true" fetch="select" insert="true" name="principio" not-found="exception" optimistic-lock="true" unique="false" update="true">
            <column name="id_principio" not-null="true" scale="0">
                <comment>identificador de principio</comment>
            </column>
        </many-to-one>
        <many-to-one class="co.edu.usbcali.modelo.Proteina" embed-xml="true" fetch="select" insert="true" name="proteina" not-found="exception" optimistic-lock="true" unique="false" update="true">
            <column name="id_proteina" not-null="true" scale="0">
                <comment>identificador de proteina</comment>
            </column>
        </many-to-one>
        <property generated="never" lazy="false" name="dia" optimistic-lock="true" type="string" unique="false">
            <column length="20" name="dia">
                <comment>dia de la semana</comment>
            </column>
        </property>
        <property generated="never" lazy="false" name="idBebida" optimistic-lock="true" type="java.lang.Integer" unique="false">
            <column name="id_bebida">
                <comment>identificador de bebida</comment>
            </column>
        </property>
        <property generated="never" lazy="false" name="estado" optimistic-lock="true" type="string" unique="false">
            <column length="1" name="estado">
                <comment>estado del menu del dia

A -&gt; activo
I -&gt; inactivo</comment>
            </column>
        </property>
        <property generated="never" lazy="false" name="fechaInicio" optimistic-lock="true" type="date" unique="false">
            <column length="13" name="fecha_inicio">
                <comment>fecha de disponibilidad del menu</comment>
            </column>
        </property>
        <property generated="never" lazy="false" name="fechaFin" optimistic-lock="true" type="date" unique="false">
            <column length="13" name="fecha_fin">
                <comment>fecha de fin de disponibilidad del pedido</comment>
            </column>
        </property>
        <property generated="never" lazy="false" name="usuarioCreacion" optimistic-lock="true" type="string" unique="false">
            <column length="100" name="usuario_creacion">
                <comment>usuario que crea el registro</comment>
            </column>
        </property>
        <property generated="never" lazy="false" name="fechaCreacion" optimistic-lock="true" type="date" unique="false">
            <column length="13" name="fecha_creacion">
                <comment>fecha en que se crea el registro</comment>
            </column>
        </property>
        <property generated="never" lazy="false" name="usuarioModifica" optimistic-lock="true" type="string" unique="false">
            <column length="100" name="usuario_modifica">
                <comment>usuario que modifica el registro</comment>
            </column>
        </property>
        <property generated="never" lazy="false" name="fechaModifica" optimistic-lock="true" type="date" unique="false">
            <column length="13" name="fecha_modifica">
                <comment>fecha en que se modifica el registro</comment>
            </column>
        </property>
        <set embed-xml="true" fetch="select" inverse="true" lazy="true" mutable="true" name="almuerzos" optimistic-lock="true" sort="unsorted" table="almuerzo">
            <key on-delete="noaction">
                <column name="id_menusemana" not-null="true" precision="10" scale="0">
                    <comment>identificador unico del menu de la semana</comment>
                </column>
            </key>
            <one-to-many class="co.edu.usbcali.modelo.Almuerzo" embed-xml="true" not-found="exception"/>
        </set>
    </class>
</hibernate-mapping>
