<?xml version="1.0" encoding="UTF-8" standalone="no"?>
<!-- Generated 12-mar-2018 23:23:44 by Hibernate Tools 5.2.3.Final --><!DOCTYPE hibernate-mapping PUBLIC "-//Hibernate/Hibernate Mapping DTD 3.0//EN" "http://www.hibernate.org/dtd/hibernate-mapping-3.0.dtd">
<hibernate-mapping auto-import="true" default-access="property" default-cascade="none" default-lazy="true">
    <class dynamic-insert="false" dynamic-update="false" mutable="true" name="co.edu.usbcali.modelo.Padre" optimistic-lock="version" polymorphism="implicit" schema="public" select-before-update="false" table="padre">
        <id name="id" type="long">
            <column name="id" precision="10" scale="0"/>
            <generator class="assigned"/>
        </id>
        <many-to-one class="co.edu.usbcali.modelo.Usuario" embed-xml="true" fetch="select" insert="true" name="usuario" not-found="exception" optimistic-lock="true" unique="false" update="true">
            <column name="id_usuario" not-null="true" precision="10" scale="0">
                <comment>identificador de usuario</comment>
            </column>
        </many-to-one>
        <property generated="never" lazy="false" name="telefono" optimistic-lock="true" type="string" unique="false">
            <column length="15" name="telefono">
                <comment>numero telefonocio o celular a donde se pueda localizar el padre</comment>
            </column>
        </property>
        <property generated="never" lazy="false" name="direccion" optimistic-lock="true" type="string" unique="false">
            <column length="400" name="direccion">
                <comment>direccion donde recide</comment>
            </column>
        </property>
        <property generated="never" lazy="false" name="usuarioCreacion" optimistic-lock="true" type="string" unique="false">
            <column length="100" name="usuario_creacion">
                <comment>usuario que crea el registro</comment>
            </column>
        </property>
        <property generated="never" lazy="false" name="fechaCreacion" optimistic-lock="true" type="date" unique="false">
            <column length="13" name="fecha_creacion">
                <comment>fecha en que se crea el registro</comment>
            </column>
        </property>
        <property generated="never" lazy="false" name="usuarioModifica" optimistic-lock="true" type="string" unique="false">
            <column length="100" name="usuario_modifica">
                <comment>usuario que modifica el registro</comment>
            </column>
        </property>
        <property generated="never" lazy="false" name="fechaModifica" optimistic-lock="true" type="date" unique="false">
            <column length="13" name="fecha_modifica">
                <comment>fecha en que se modifica el registro</comment>
            </column>
        </property>
        <set embed-xml="true" fetch="select" inverse="true" lazy="true" mutable="true" name="hijos" optimistic-lock="true" sort="unsorted" table="hijo">
            <key on-delete="noaction">
                <column name="id_padre" precision="10" scale="0">
                    <comment>Identificador del padre</comment>
                </column>
            </key>
            <one-to-many class="co.edu.usbcali.modelo.Hijo" embed-xml="true" not-found="exception"/>
        </set>
        <set embed-xml="true" fetch="select" inverse="true" lazy="true" mutable="true" name="pedidos" optimistic-lock="true" sort="unsorted" table="pedido">
            <key on-delete="noaction">
                <column name="id_padre" not-null="true" precision="10" scale="0">
                    <comment>identificador del padre</comment>
                </column>
            </key>
            <one-to-many class="co.edu.usbcali.modelo.Pedido" embed-xml="true" not-found="exception"/>
        </set>
    </class>
</hibernate-mapping>
