<?xml version="1.0" encoding="UTF-8" standalone="no"?>
<!-- Generated 12-mar-2018 23:23:44 by Hibernate Tools 5.2.3.Final --><!DOCTYPE hibernate-mapping PUBLIC "-//Hibernate/Hibernate Mapping DTD 3.0//EN" "http://www.hibernate.org/dtd/hibernate-mapping-3.0.dtd">
<hibernate-mapping auto-import="true" default-access="property" default-cascade="none" default-lazy="true">
    <class dynamic-insert="false" dynamic-update="false" mutable="true" name="co.edu.usbcali.modelo.Pago" optimistic-lock="version" polymorphism="implicit" schema="public" select-before-update="false" table="pago">
        <id name="id" type="big_decimal">
            <column name="id" precision="1000" scale="0"/>
            <generator class="assigned"/>
        </id>
        <property generated="never" lazy="false" name="detalle" optimistic-lock="true" type="string" unique="false">
            <column length="300" name="detalle">
                <comment>detalle del pago</comment>
            </column>
        </property>
        <property generated="never" lazy="false" name="valor" optimistic-lock="true" type="java.lang.Long" unique="false">
            <column name="valor" precision="17" scale="0">
                <comment>valor total a pagar</comment>
            </column>
        </property>
        <property generated="never" lazy="false" name="estado" optimistic-lock="true" type="java.lang.Integer" unique="false">
            <column name="estado">
                <comment>estado del pago
1 -&gt; generado
2 -&gt; pagado</comment>
            </column>
        </property>
        <property generated="never" lazy="false" name="usuarioCreacion" optimistic-lock="true" type="string" unique="false">
            <column length="100" name="usuario_creacion">
                <comment>usuario que crea el registro</comment>
            </column>
        </property>
        <property generated="never" lazy="false" name="fechaCreacion" optimistic-lock="true" type="date" unique="false">
            <column length="13" name="fecha_creacion">
                <comment>fecha en que se crea el registro</comment>
            </column>
        </property>
        <property generated="never" lazy="false" name="usuarioModifica" optimistic-lock="true" type="string" unique="false">
            <column length="100" name="usuario_modifica">
                <comment>usuario que modifica el registro</comment>
            </column>
        </property>
        <property generated="never" lazy="false" name="fechaModifica" optimistic-lock="true" type="date" unique="false">
            <column length="13" name="fecha_modifica">
                <comment>fecha en que se modifica el registro</comment>
            </column>
        </property>
        <set embed-xml="true" fetch="select" inverse="true" lazy="true" mutable="true" name="pedidos" optimistic-lock="true" sort="unsorted" table="pedido">
            <key on-delete="noaction">
                <column name="id_pago" not-null="true" precision="1000" scale="0">
                    <comment>identificador del pago</comment>
                </column>
            </key>
            <one-to-many class="co.edu.usbcali.modelo.Pedido" embed-xml="true" not-found="exception"/>
        </set>
    </class>
</hibernate-mapping>
